,0,1,2,3
0,0.0634047975803338,0.0632061545271145,-0.042002283,82.0
1,0.0592004293436066,0.0587330625185618,-0.0309896429999999,1019.0
2,0.0653940995225466,0.0648696683258643,0.05000753,421.0
3,0.0602614605512041,0.0602285079594481,-0.037089832,313.0
4,0.0600641554588073,0.0602727805657992,-0.048531905,493.0
5,0.0651427526697378,0.0649093752840959,-0.0589646059999999,101.0
6,0.0652337649775376,0.0650018201880116,-0.019013662,83.0
7,0.0643089014896186,0.0640468346182435,0.03682913,273.0
8,0.0562060556256722,0.0557509956548619,0.033561572,9.0
9,0.0666367319276768,0.0667574402438363,-0.028149825,86.0
10,0.0654087226083158,0.0652997181349772,-0.060316857,67.0
11,0.0477296785684259,0.0472538793146901,-0.0533747559999999,571.0
12,0.0621535333516259,0.0616331920865992,0.032158755,872.0
13,0.073087450433847,0.0727306648387145,-0.03556834,263.0
14,0.0587146889205506,0.0589367956223523,0.054595962,392.0
15,0.0554158988366,0.0576702690221431,-0.05030887,276.0
16,0.0389295571570767,0.017040915333823,0.0613201259999999,48.0
17,0.0309457924385496,0.0318296458237791,0.064156495,54.0
18,0.0665978655941101,0.0669407486568604,-0.0316167029999999,44.0
19,0.041392842798841,0.0362293551860932,0.02289892,5.0
20,0.1134360123735656,0.1061491576276611,0.19774774,61.0
21,0.1012338054352244,0.0954078321248434,0.2428067,99.0
22,0.101626787084322,0.0925113503191302,0.39305902,102.0
23,0.1867676191548668,0.1779480814947341,0.39305902,69.0
24,0.1424885343847039,0.1364607271020982,0.39305902,60.0
25,0.0397095295377358,0.0429893915047654,0.39305902,60.0
26,0.0738379806476209,0.0919143675730458,0.22644275,31.0
27,0.0429685152007529,0.0455258884676782,0.24737819,9.0
28,0.0,0.0,0.39305902,82.0
29,0.0,0.0,-0.0589568,59.0
30,0.5639502153695547,0.6407886113993753,-0.0447574559999999,52.0
31,0.0350351938973249,0.0367086574709336,-0.027623417,74.0
32,0.0235388113211378,0.0235560441944585,0.06662732,122.0
33,0.0629417032738864,0.06612119221992,0.12961192,191.0
34,0.0320398514554042,0.0336374926265947,0.07257748,165.0
35,0.1141835461906149,0.1081821821455032,-0.015916727,41.0
36,0.0653218476086619,0.0706579814811218,0.1331152,183.0
37,0.0199585680793454,0.0198078285298879,-0.023356106,38.0
38,0.0662807263943948,0.067501906222478,-0.035020884,112.0
39,0.0481219146325918,0.0493860800349437,0.05187439,47.0
40,0.0461147373444828,0.0413091885385162,0.086769536,86.0
41,0.0579425551061736,0.0648670624170021,0.016335249,52.0
42,0.0633983450277012,0.0703939360225068,0.39305902,31.0
43,0.0356092834688797,0.0313396437609354,0.36783686,98.0
44,0.027213519048122,0.0222463702816057,0.36783686,65.0
45,0.0106349130920406,0.0104331654583014,0.00048547777,38.0
46,0.0464042153888613,0.041555707072679,-0.024367927,281.0
47,0.0457944253833448,0.0417005606976821,0.10825268,114.0
48,0.0661967284916762,0.0628818598879735,0.032292508,10.0
49,0.0828019060838969,0.0847226035177598,0.39305902,12.0
50,0.0394871503154039,0.0508904387585361,0.39305902,30.0
51,0.046977875584413,0.0442987126645366,0.21372855,130.0
52,0.0,0.0,0.131973,152.0
53,0.05576623700319,0.0523801940461373,0.2305103,86.0
54,0.0744980886459227,0.0709209511802578,0.114726394,40.0
55,0.0804626565434878,0.0808952442546631,0.39305902,93.0
56,0.1188131211505371,0.0856356524547331,0.04944518,30.0
57,0.0555427746764043,0.0555427667052104,-0.019577023,244.0
58,0.0629519840239964,0.0622637855791351,0.039150618,87.0
59,0.067525402140707,0.068050568291914,0.027328312,54.0
60,0.0437093076323927,0.0464129242401177,0.01024165,125.0
61,0.0433058979184245,0.0417791202582084,-0.011838153,227.0
62,0.0409713088097732,0.0395344941299908,0.39305902,144.0
63,0.091285831750739,0.1213309058282108,0.39305902,18.0
64,0.0740618890318124,0.0729748679049059,0.12376976,92.0
65,0.026651418428585,0.0225198298935484,0.13074999,59.0
66,0.0529689003191568,0.0559300050324904,0.13493273,77.0
67,0.0201631634224309,0.015993647909452,0.10180701,122.0
68,0.1138300743479542,0.1170693034594364,-0.003757663,25.0
69,0.1463563147986826,0.1512578555001751,0.2363663,25.0
70,0.0644451703077805,0.0629696853654804,0.048190445,27.0
71,0.0480244414334853,0.0571312268635255,0.29579476,78.0
72,0.0461582425145216,0.04542570729081,0.04469961,71.0
73,0.1330693052667009,0.1502923629935878,0.39305902,68.0
74,0.0623902164877044,0.0601945141913187,0.22745791,17.0
75,0.0685979020717944,0.0668831275253418,0.39305902,56.0
76,0.0599153367645018,0.0549667948969053,0.026695816,127.0
77,0.0990283018145077,0.0958389525458995,0.21541288,137.0
78,0.0820097213236062,0.0795971620484153,0.23613435,496.0
79,0.0994100394508063,0.1008701145447436,0.39305902,43.0
80,0.0689681438952094,0.0678417511591041,0.04692342,55.0
81,0.0144097500975106,0.0170324302106998,0.029543635,135.0
82,0.0,0.0,0.10180701,13.0
83,0.0824057746654646,0.0798889535206251,0.0792751459999999,35.0
84,0.0604707717454012,0.05633647591173,0.10424494,82.0
85,0.0553374736075946,0.0546954038963461,-0.030457404,48.0
86,0.0722002446524283,0.0685664801663107,0.0116336939999999,71.0
87,0.0266630032512193,0.0279064152320216,-0.064446375,59.0
88,0.0272324996764729,0.028507558660715,-0.0590821579999999,62.0
89,0.0444025816031619,0.0444902167211438,0.058870807,62.0
90,0.0464776972555429,0.0448547412637191,0.0569209,36.0
91,0.0572458284997036,0.0580207082989204,0.15837276,101.0
92,0.0112660572125534,0.0096029002572522,0.21216774,106.0
93,0.053172947429482,0.0478543188272874,0.14939688,98.0
94,0.0976886553830286,0.0997005248974142,0.17399533,25.0
95,0.5998422040636383,0.5903194563300524,0.22745791,65.0
96,0.0550420531703989,0.0537007129351959,0.037831996,87.0
97,0.0,0.0,-0.0466396059999999,145.0
98,0.0460962231792759,0.0488716718810246,0.1215488,43.0
99,0.0,0.0,-0.044356737,71.0
100,0.0605434844253414,0.0614906435163389,0.005190091,165.0
101,0.2108321197969796,0.217623488650601,0.044455737,160.0
102,0.0567430268380138,0.0522156466814592,0.22905093,401.0
103,0.0089515261656504,0.0081299831129741,0.15593617,147.0
104,0.070488305039323,0.0696823426897472,0.05794011,7.0
105,0.0664017639328354,0.0659395654921796,0.023250062,2.0
106,0.0576467855595187,0.056191689210074,0.037843265,106.0
107,0.0706248353853119,0.0686852036652832,-0.06271495,274.0
108,0.060138930812591,0.059728692757396,-0.010793056,205.0
109,0.0116628586469235,0.0126932251516095,0.24438925,43.0
110,0.2247013345966116,0.22450559475853,0.16134092,92.0
111,0.0195725370170018,0.015977890750165,0.033341035,72.0
112,0.064374121415041,0.0622924327380506,-0.0015093684,84.0
113,0.0644345044272903,0.0629840899062398,0.09805064,167.0
114,0.0136326567922928,0.0128852444153136,0.020732723,40.0
115,0.06787012289015,0.0652155733160286,0.0060488832999999,126.0
116,0.0537998167761407,0.0540637392723848,0.017678201,123.0
117,0.0135620784918939,0.0123956198149657,0.009862293,51.0
118,0.0174760320714689,0.016867195025904,0.011393641,72.0
119,0.0779495280916952,0.0780628739266929,0.04980231,77.0
120,0.0677024277156384,0.06857558997583,-0.06107632,85.0
121,0.0208573710734251,0.0195176980488334,0.0091648325,120.0
122,0.0613004847881659,0.0599331065240716,0.024546914,316.0
123,0.0592330723900856,0.0592811949990791,-0.04705459,311.0
124,0.0678703269532661,0.0672207012219294,0.01660452,28.0
125,0.0575719086052784,0.0576620905839915,0.05276268,48.0
126,0.083823017478604,0.0853032374649807,0.05794011,10.0
127,0.0,0.0,0.36783686,3.0
128,0.0560010197029354,0.0541691355692068,0.02439075,97.0
129,0.0671370026122766,0.0662825086771921,0.010296315,39.0
130,0.0,0.0,-0.05117592,121.0
131,0.0262296995063545,0.0262645801179505,-0.03640845,18.0
132,0.0686987895754576,0.0681511878790588,-0.01801521,189.0
133,0.0653113050804139,0.0656608843198896,-0.060163993,41.0
134,0.0403672028910639,0.0384176598427871,-0.04951647,340.0
135,0.0603776420301656,0.0591893883708691,-0.0565566,404.0
136,0.063877478287046,0.0637484632553812,0.019083632,67.0
137,0.0790871359134821,0.0820282650368506,-0.021619366,34.0
138,0.0667076803362034,0.0653711881688924,-0.02816046,40.0
139,0.0643326718671909,0.0604962240997568,0.39305902,25.0
140,0.0569444866312426,0.0560357415349621,0.10180701,26.0
141,0.0662963575057313,0.0622773490208656,0.39305902,14.0
142,0.070584394922335,0.0662216543986609,0.05515866,32.0
143,0.0576163513178877,0.0569101396776511,-0.022776026,796.0
144,0.0,0.0,0.39305902,51.0
145,0.0669109198930371,0.0664374324592423,-0.061570585,595.0
146,0.0638642941967223,0.0630545172511493,-0.037316415,638.0
147,0.0610612142259897,0.0604231446311301,-0.03914684,83.0
148,0.061018081594921,0.0603574004194193,-0.03218071,71.0
149,0.0665426137553075,0.0659680817924657,-0.0280919,154.0
150,0.0606898506548307,0.0605501771214968,0.0032585948,70.0
151,0.0579386152857371,0.0580223895151613,0.0129606439999999,47.0
152,0.0466661951382974,0.0459645224045567,0.04592158,26.0
153,0.0404783343543481,0.0403313995723428,0.03861086,231.0
154,0.054652665496945,0.0545698153458551,0.050060183,155.0
155,0.1521653413850313,0.130128325050329,0.050154034,82.0
156,0.0525971082724946,0.0525157475533691,0.039317325,283.0
157,0.0726766896917881,0.0786022988847655,0.057896376,48.0
158,0.070589926794817,0.0698664063131816,-0.00029973686,83.0
159,0.0642053755259264,0.0641173154564793,-0.045350205,337.0
160,0.0294489484569344,0.0257381835182547,0.013849333,21.0
161,0.0649069740904648,0.0660562636452526,0.008053097,107.0
162,0.0659284151440805,0.0645572312318905,0.018162481,226.0
163,0.0468859494027975,0.0445463093721013,0.064622685,18.0
164,0.1291317670849897,0.1178487116901166,0.045052152,14.0
165,0.0587521070448599,0.0510024614255125,0.17444164,26.0
166,0.0476598924360172,0.0498970011904505,0.020276539,47.0
167,0.0764707834022624,0.0792542099508974,0.0299338329999999,45.0
168,0.0630698180482391,0.0625860356761219,-0.053267073,69.0
169,0.0107500520988228,0.0091599293948906,0.22745791,50.0
170,0.0527767244735281,0.0510006057944017,0.39305902,52.0
171,0.0767894470156229,0.0813394213210733,0.39305902,65.0
172,0.0292936566356222,0.0286273439693636,0.39305902,99.0
173,0.0528785253269488,0.0536383518006378,0.15837276,69.0
174,0.1852683116225096,0.1871105097035073,0.08338065,46.0
175,0.0846678055360115,0.0861675395868599,0.03758338,101.0
176,0.0745697950917915,0.074020635341425,-0.051842272,108.0
177,0.0808815767979852,0.0786151849882033,0.047585376,163.0
178,0.060297884182385,0.0596379025921539,-0.0027021244,536.0
179,0.0330466800959453,0.0340496720133959,0.02560854,14.0
180,0.0647000668362675,0.0642711555890382,0.025583796,327.0
181,0.0547068170912167,0.053538391696901,0.04271988,373.0
182,0.0236127198260025,0.0223341756647982,-0.0479800659999999,64.0
183,0.0556615097493572,0.0537431595661589,-0.05690451,68.0
184,0.070380949741897,0.0698869870777164,-0.04255776,87.0
185,0.0674684263762544,0.0668551118604912,-0.0411126999999999,92.0
186,0.0677376303969278,0.0672809753827485,0.0549091959999999,85.0
187,0.0380120698721506,0.0363565801412389,-0.019800302,41.0
188,0.0382016172411687,0.0366043009828475,-0.03701283,163.0
189,0.0300126229916069,0.0287950069324364,-0.04387834,43.0
190,0.0470624362265051,0.0519766916432606,0.01190282,161.0
191,0.0479402218292876,0.0451965671528568,0.038702022,263.0
192,0.0085337666494673,0.0082574810695164,0.116001226,29.0
193,0.0776656391478936,0.0885889773879212,-0.04546993,329.0
194,0.0092921153504533,0.0088119958402196,0.005868919,114.0
195,0.0360615525567885,0.0241583749579954,-0.0023292452,105.0
196,0.0750797638659552,0.0306416170830016,0.016626958,86.0
197,0.01818555866109,0.0042199527980356,-0.036197066,87.0
198,0.0692125976761592,0.0686097822835281,-0.04483868,862.0
199,0.0524731441037193,0.0538401513673382,-0.033928238,69.0
200,0.0622551562018153,0.0621027545987403,0.0226026179999999,521.0
201,0.0568582631008859,0.0562182310012468,0.04560923,31.0
202,0.1185590820342887,0.126905280004667,0.015339116,268.0
203,0.0559153820297761,0.0544756835951479,-0.055774163,110.0
204,0.0579183807877248,0.0528157157427601,0.23894127,120.0
205,0.1187519745692522,0.1378913028766034,0.39305902,55.0
206,0.0397686479883088,0.0365140003942338,0.39305902,69.0
207,0.0708712059777209,0.0691318935654242,0.05794011,46.0
208,0.0068318729104328,0.007146952999711,0.39305902,44.0
209,0.0541528118022921,0.0520067732496017,0.031581752,77.0
210,0.0537442192217387,0.0496264488918363,-0.0469404999999999,180.0
211,0.0943112355675276,0.0971365151825973,-0.03784937,99.0
212,0.2285323151343119,0.2463375791167274,0.010182585,126.0
213,0.4760021389119555,0.5201761415974544,-0.042318817,103.0
214,0.1154229946025232,0.1193851742010681,-0.05687296,70.0
215,0.05087009943284,0.0507302141501886,0.031421337,35.0
216,0.0512425044179308,0.0510778818656028,-0.010301915,55.0
217,0.0716813296134404,0.0710209030184756,0.39305902,56.0
218,0.0783651393758966,0.0782232303874179,0.39305902,28.0
219,0.0667011330725149,0.0662309902737453,0.013363741,65.0
220,0.0550950448401519,0.0549898338147934,0.0048205033,318.0
221,0.0494314510211259,0.0495848817163351,0.05763547,74.0
222,0.0596753861890437,0.0575797586709334,-0.053820197,213.0
223,0.0795843388340624,0.0796373738882964,-0.034320675,98.0
224,0.1092679446393036,0.1144944253732938,0.39305902,150.0
225,0.054136072380706,0.0554613900827842,0.39305902,18.0
226,0.0468916359941936,0.0450146000392436,0.062666476,96.0
227,0.0581603132076382,0.0571540747407881,0.36783686,46.0
228,0.0570045620111001,0.0565269015226651,0.042827286,117.0
229,0.0639862452643291,0.0636946790100064,0.004221745,276.0
230,0.1178545011968814,0.1132896605770411,0.0235882179999999,106.0
231,0.0602944412186727,0.0593635878638041,0.006414972,27.0
232,0.0637430281498599,0.0568915212443531,0.39305902,74.0
233,0.0638616717215216,0.0636394825033405,-0.012432445,160.0
234,0.2085320377571231,0.2220438446599457,0.39305902,39.0
235,0.070085693919285,0.0692920047788698,0.088644266,74.0
236,0.0640898167880671,0.0634632901018287,0.05478764,54.0
237,0.0641254386886152,0.0635004120009492,0.0027374117999999,41.0
238,0.0666623188916041,0.0660760120125381,-0.019796517,37.0
239,0.0560379797720654,0.0549620485502034,0.06287692,40.0
240,0.0658804310542262,0.0649780506958701,0.010664888,353.0
241,0.0632315431753549,0.0630266851795427,-0.061707027,39.0
242,0.0,0.0,0.04067205,57.0
243,0.0548863448550134,0.0542481881107402,0.04292824,63.0
244,0.0392429392973372,0.047666501927396,0.055538375,133.0
245,0.0785994088276487,0.0710198454498133,0.026746755,54.0
246,0.0630052019488718,0.0625281358763865,-0.0006536767,71.0
247,0.0617838972039922,0.0614611129639294,-0.049341507,65.0
248,0.0614642106565035,0.0613406862792336,0.054350145,100.0
249,0.0631604188370576,0.0625319013791595,-0.05892036,199.0
250,0.0526315251804236,0.0530230243408052,0.03017297,59.0
251,0.0566648864762524,0.0562382102908169,0.052337058,316.0
252,0.038522075840125,0.0443618497464568,-0.031050947,367.0
253,0.0311830974208719,0.0360639976932496,0.046712983,94.0
254,0.0633130484183623,0.0690549688135858,-0.055726305,397.0
255,0.0435683986523852,0.0506043663377423,0.0298348029999999,363.0
256,0.0666687786342726,0.0654637827827091,0.39305902,64.0
257,0.0633337894541661,0.0612657166160043,0.15377648,103.0
258,0.0595137259394853,0.0610770957299036,0.17448588,86.0
259,0.060925372991959,0.0619468718398468,0.029458761,157.0
260,0.0658023029714155,0.0660302037063661,-0.047385834,527.0
261,0.0620953591422587,0.0630103373231917,-0.0119150765,424.0
262,0.0619621139781431,0.0629222161372509,-0.0188013169999999,439.0
263,0.0662098820834165,0.066996510213456,0.031888686,128.0
264,0.0649467638402403,0.0647774327159501,0.03236065,140.0
265,0.0103447079457723,0.0096025709720323,-0.00601428,197.0
266,0.0376374635302552,0.0329753850252204,0.39305902,23.0
267,0.0462316765284417,0.0481903165265016,0.05794011,30.0
268,0.0398497673749349,0.045158593748462,0.16711327,106.0
269,0.1030947742287184,0.0984238435826163,0.39305902,113.0
270,0.0,0.0,0.39305902,290.0
271,0.0898959676962563,0.0842434703824243,0.39305902,3.0
272,0.0563409232945591,0.0589261528652659,0.39305902,140.0
273,0.0205134846245498,0.0199981187374464,0.05794011,40.0
274,0.0511370254142959,0.0519112052927007,0.06445719,55.0
275,0.1128037553144697,0.1086357031881703,0.39305902,58.0
276,0.0668289605115045,0.0630820118751459,0.39305902,43.0
277,0.0387547704038355,0.0424860817237609,0.05794011,14.0
278,0.0469023712448877,0.0502358491667148,0.39305902,54.0
279,0.1022785697113456,0.1014288849425824,0.39305902,148.0
280,0.0963011672583264,0.0936429971637046,0.39305902,40.0
281,0.054622242158576,0.0529870132858585,0.39305902,45.0
282,0.0452191824776999,0.044918584075206,0.39305902,40.0
283,0.0453699152774435,0.0450876783542404,0.1328992,36.0
284,0.075519985518341,0.0760998210341492,0.39305902,55.0
285,0.0828368503875104,0.0790296746702333,0.39305902,42.0
286,0.0941376720888185,0.0984487372725602,0.39305902,39.0
287,0.0,0.0,0.22745791,30.0
288,0.034643348033363,0.0340568522265176,0.39305902,78.0
289,0.1860144023559614,0.1854273706576024,-0.04565458,31.0
290,0.168438973395397,0.1631335318625185,0.39305902,61.0
291,0.061755331870947,0.0583688910899555,0.25099578,21.0
292,0.1209448828403701,0.0911396827231046,0.25390828,52.0
293,0.0506596035749388,0.0515341950381357,0.040270135,204.0
294,0.0804013459593976,0.0830180644054243,0.1232311,121.0
295,0.082588634121281,0.0794800300673316,0.39305902,20.0
296,0.0293188119558056,0.0266420289841197,0.39305902,20.0
297,0.1015709605029442,0.1138858629726565,0.12604988,67.0
298,0.0735791091106243,0.0748265626029224,0.39305902,58.0
299,0.0765147767965367,0.0765491996126656,0.39305902,162.0
300,0.0360808047748433,0.0318647706978891,0.39305902,103.0
301,0.0369743456131337,0.0360023565798216,0.39305902,88.0
302,0.0239654874372502,0.026389057716104,0.39305902,88.0
303,0.0903319810816328,0.0834170174967804,0.24489243,94.0
304,0.1430064620903261,0.1357922566954645,0.39305902,66.0
305,0.0699865292530552,0.067306830961956,0.27074587,94.0
306,0.1181828972423788,0.1269646387948212,-0.028820835,45.0
307,0.249583865245446,0.2295482739423762,0.15593617,269.0
308,0.0645052477941908,0.060827733973321,0.39305902,44.0
309,0.0399468998493888,0.0360120727716399,0.39305902,99.0
310,0.0107917204497799,0.0061585992182897,0.39305902,68.0
311,0.0191844453085365,0.0182478800932798,0.39305902,61.0
312,0.0621164921458514,0.0593329518748451,0.39305902,25.0
313,0.0633003776441502,0.0650111744537935,0.21751522,115.0
314,0.1573581191473884,0.1439879285860735,0.18888392,35.0
315,0.062205831605616,0.0600412732640007,0.39305902,113.0
316,0.0605440452950501,0.0599716468517758,0.39305902,89.0
317,0.031645795790249,0.0251366382061003,-0.017810933,220.0
318,0.0388141281972521,0.0369331466699691,0.114726394,94.0
319,0.0633106957596281,0.0612522152196092,0.07640423,60.0
320,0.0317004879836133,0.0285256178995605,0.06239695,63.0
321,0.0402820048567199,0.036297520385349,0.39305902,6.0
322,0.0406145597119966,0.0191258549097997,0.22745791,58.0
323,0.0265172587731399,0.027138535528458,0.39305902,155.0
324,0.0636052969875395,0.0482585989346599,0.39305902,146.0
325,0.0,0.0,0.24121194,135.0
326,0.0396875492734328,0.0382433258718166,0.36783686,9.0
327,0.0484641581760848,0.0476846163686529,0.39305902,180.0
328,0.0670412151806736,0.065730079905226,0.24737819,71.0
329,0.0636757362533251,0.0684269887520269,-0.047650144,53.0
330,0.0598949163653588,0.0613042341545033,0.39305902,220.0
331,0.0864982065421929,0.089179135949644,0.39305902,77.0
332,0.0738140203425208,0.07508367207996,0.39305902,47.0
333,0.0425284713716599,0.037657749332075,0.39305902,11.0
334,0.0857607819838547,0.0822557950590963,0.39305902,108.0
335,0.0212180372862202,0.0258182455128062,0.08043438,18.0
336,0.0401494057752743,0.037467604847543,0.06780447,87.0
337,0.0303228867595738,0.0328676980101645,0.39305902,33.0
338,0.0747196730204059,0.0737055023654528,-0.032956462,103.0
339,0.0547300618386134,0.0572300487912023,0.14628798,33.0
340,0.0610188346037461,0.0611475636198845,0.05411411,499.0
341,0.0280145357035846,0.0275092796496447,-0.022000927,55.0
342,0.0815637502407204,0.0748705618646708,-0.035347257,65.0
343,0.0730075667431894,0.0698711882442023,0.00549859,21.0
344,0.0615359476195772,0.0613427885682433,0.018988086,263.0
345,0.0598803779629576,0.0570468859833922,0.050677054,112.0
346,0.0634843307965866,0.0646764974230321,-0.0218603689999999,110.0
347,0.05490460636149,0.054227167066042,-0.0030496977,101.0
348,0.0631426197202038,0.0625276850058867,-0.02363403,54.0
349,0.0619664367494504,0.0602704860224613,-0.0023344755,245.0
350,0.0698072369433754,0.0672208017245069,0.013509199,63.0
351,0.0629407681343532,0.0635607038132338,0.023728242,80.0
352,0.0595272512276845,0.0594673867244185,-0.0307030789999999,12.0
353,0.0738239102160086,0.0705121152389723,0.024533898,115.0
354,0.0871395610870353,0.0767268930084752,-0.015764924,48.0
355,0.0783710148751454,0.077810620718025,0.029722584,282.0
356,0.0595026026221271,0.0588138664015551,-0.065039985,251.0
357,0.065107726296364,0.0631061691138963,-0.0123227039999999,37.0
358,0.0751522831300887,0.0819497760189957,-0.029668342,81.0
359,0.0695875362775557,0.0705177875820332,-0.0148281189999999,659.0
360,0.0212094013796179,0.0215736538619879,0.036873326,154.0
361,0.0283917855759045,0.0289683477488429,-0.03145868,147.0
362,0.1582667452161043,0.1700377061129122,0.39305902,100.0
363,0.5659463289669278,0.6656237206443266,0.10875448,80.0
364,0.0562139369712848,0.0584924672952198,0.39305902,12.0
365,0.0191426636816558,0.0160763086315735,0.39305902,155.0
366,0.0650267927168199,0.0639550689394736,-0.029459178,61.0
367,0.0342853075304934,0.0324824807014676,0.39305902,255.0
368,0.0667154463329885,0.0665948145918636,-0.0011767582,117.0
369,0.0465487871594926,0.0450126446068324,0.14824308,3.0
370,0.0902316213599373,0.0861876058438406,0.1887942,83.0
371,0.0100418190950405,0.0150852468592648,0.39305902,337.0
372,0.069053235328166,0.0682208902646998,-0.019322578,39.0
373,0.072313580142679,0.0628163204594077,0.1219214,171.0
374,0.0828513627213678,0.0794995763357844,0.39305902,32.0
375,0.0126764168494089,0.0078376963953504,0.39305902,84.0
376,0.0042853515366051,0.0046344590849307,0.39305902,85.0
377,0.0785245422027684,0.0669622643829557,0.39305902,23.0
378,0.039526457145,0.0392382388734456,0.002186492,130.0
379,0.0741929981339936,0.0763021629305719,0.0008297983,49.0
380,0.0597719185118385,0.0608754389451195,0.25129884,81.0
381,0.0447118390360317,0.0485507912813777,0.39305902,20.0
382,0.0295803889823103,0.0325666488351241,0.22745791,46.0
383,0.0355726570976309,0.0348160066726552,0.058604464,125.0
384,0.049851387652687,0.0504277630221917,-0.04072342,279.0
385,0.0154018316813183,0.0135818700427479,0.20913057,167.0
386,0.0372347629349316,0.0273896788455936,0.2017152,34.0
387,0.0087624424367041,0.0097641036548718,0.39305902,116.0
388,0.042564742371692,0.0398548253115936,-0.015092254,31.0
389,0.0530343778295127,0.0491656445837294,0.39305902,321.0
390,0.0613230511848727,0.0604080973567469,0.26338625,468.0
391,0.0484239051430237,0.0483535813424772,0.114726394,28.0
392,0.0476266362409475,0.0476562374118809,0.39305902,27.0
393,0.0395180570359352,0.0297514902822291,0.10180701,55.0
394,0.0712235403470181,0.0758507498427488,0.39305902,35.0
395,0.0651640834112209,0.0559145212234753,0.2428067,128.0
396,0.0437077828486157,0.0290888118039382,0.39305902,56.0
397,0.0812109691937941,0.0812548143163075,0.011576577,106.0
398,0.0811930642034343,0.0812689966614528,-0.012608098,94.0
399,0.0800940156547939,0.0756548082651095,0.39305902,61.0
400,0.0948901551365528,0.0923121443814187,0.39305902,40.0
401,0.0812486690518482,0.0759034661688729,0.11824,212.0
402,0.0230268423089376,0.0230093328109934,0.10754491,47.0
403,0.1154835062628371,0.1168789902261776,0.05794011,147.0
404,0.0,0.0,0.39305902,140.0
405,0.0461696185635224,0.0466976942305181,0.24268115,175.0
406,0.1046380878516493,0.0668622849485628,0.39305902,54.0
407,0.0510731095744313,0.0534056246781168,0.048980683,268.0
408,0.1678227272206615,0.173159304904686,0.39305902,122.0
409,0.2897214694486136,0.3389033307211174,0.39305902,246.0
410,0.0160273524796693,0.0166357885008756,0.39305902,121.0
411,0.0559160283102762,0.0560627058969165,0.16711327,6.0
412,0.1111246283801118,0.1082567005074701,0.39305902,4.0
413,0.0541760787823521,0.0528987469118329,0.39305902,119.0
414,0.235164363337469,0.2285511980187075,0.39305902,51.0
415,0.093816929391758,0.0886011720422116,0.16711327,33.0
416,0.0590891806103847,0.0497593162607181,0.39305902,10.0
417,0.0509151973235244,0.0492133337561149,0.39305902,15.0
418,0.0789104449358665,0.0822758193329891,0.39305902,82.0
419,0.1053641617237897,0.136808798998099,0.1887942,65.0
420,0.0868041887241068,0.0856435552805393,0.39305902,41.0
421,0.0672382121085063,0.0671641596418326,0.39305902,41.0
422,0.0690237314134891,0.0680611598521302,0.39305902,41.0
423,0.0459926048388525,0.0459076180851033,0.39305902,40.0
424,0.0757821839285924,0.0708415763613563,-0.018718425,10.0
425,0.0828301209351224,0.0775941479378004,0.39305902,42.0
426,0.1198958607962702,0.1225461600336525,0.39305902,54.0
427,0.0765224044744641,0.0725686760216433,-0.03035612,91.0
428,0.1440180472367911,0.1449644363436373,0.045270614,262.0
429,0.0496827722579528,0.0439570122388362,0.0001148358,42.0
430,0.120651143992038,0.1225279990194008,0.018492095,249.0
431,0.1937848925196301,0.195243832637241,0.03713335,420.0
432,0.0668329474918216,0.0663061555378896,-0.0392494829999999,59.0
433,0.066185266125162,0.0659567354358347,0.04114977,185.0
434,0.0085720398240337,0.0079524777953088,0.25068885,28.0
435,0.0612205668068737,0.0588215366126575,-0.04810383,396.0
436,0.1008739365420305,0.0890036310509025,0.03648598,38.0
437,0.0869520830014451,0.0799189758303614,0.012780786,63.0
438,0.0738334970630034,0.0675920474868839,0.059160568,38.0
439,0.0710404401832623,0.0651845331512723,-0.060426384,447.0
440,0.0692676344362578,0.0678619114701218,-0.0128938289999999,140.0
441,0.1992713092380826,0.1531922055874039,-0.07254146,30.0
442,0.0830566397924263,0.0811027842378849,-0.099549554,33.0
443,0.0240127263757904,0.0,-0.099549554,29.0
444,0.0762043209117211,0.0679299465756289,-0.099549554,29.0
445,0.1520207979399263,0.1393876058510406,-0.098660424,66.0
446,0.165850417516864,0.1638918333514571,-0.099549554,29.0
447,0.1269577469917867,0.1105265710972822,-0.052876018,29.0
448,0.0377694442690954,0.0333492423091319,0.39305902,42.0
449,0.0668966196891047,0.0644511826839451,0.018356463,67.0
450,0.1056364890729914,0.0973913011063812,-0.04763291,25.0
451,0.0712942450088634,0.067719558389537,0.01700363,20.0
452,0.0707196681079297,0.067043713885735,-0.024347952,65.0
453,0.1575040603417235,0.1408318946225538,-0.005805455,91.0
454,0.0,0.0,0.39305902,33.0
455,0.1079515766196438,0.1060134765509517,0.23462833,62.0
456,0.0448252989705894,0.0421993882103065,0.39305902,80.0
457,0.0782307277124089,0.0793349294693375,0.39305902,13.0
458,0.0270555116498051,0.0333811776952301,0.061117597,105.0
459,0.052310365870262,0.0512906739273852,0.18779866,144.0
460,0.0510916380009221,0.0475569196721551,0.39305902,7.0
461,0.0257630196611935,0.0230293469123094,0.39305902,62.0
462,0.0196997022208713,0.019982845106065,0.39305902,132.0
463,0.0237765265764928,0.0263894785129611,0.39305902,32.0
464,0.0038691481582239,0.0042311725635429,0.39305902,71.0
465,0.0572928244306277,0.0554127944134291,0.39305902,82.0
466,0.3024656211341789,0.3106634273147402,0.36783686,18.0
467,0.0382766382576971,0.0270262548873269,0.25099578,183.0
468,0.1231339421805556,0.1239964938632993,0.29657477,95.0
469,0.0017619842272356,0.0005745382771978,0.39305902,30.0
470,0.0693488161111853,0.0702864806684815,0.05315821,103.0
471,0.0298385476977179,0.0276417317230479,0.39305902,392.0
472,0.0214562122478008,0.0206077778116301,0.39305902,70.0
473,0.0,0.0,0.39305902,43.0
474,0.0942156056671447,0.0971187997260506,0.39305902,45.0
475,0.0250419561685076,0.0295317261275302,0.39305902,49.0
476,0.030648656553593,0.0333267868297757,0.39305902,48.0
477,0.0896504912118755,0.0911474848358433,0.39305902,10.0
478,0.059859048699069,0.0556877221849118,0.22905093,58.0
479,0.0630114245495271,0.0648748281895915,0.2606513,332.0
480,0.1119991319217921,0.1076508010635003,0.39305902,67.0
481,0.0255121926966859,0.0242930040822372,0.39305902,66.0
482,0.1351200918939329,0.128678949626187,0.39305902,3.0
483,0.0713528183486315,0.057991070470294,0.24447763,33.0
484,0.0885626955471103,0.0313008705118651,0.06528687,45.0
485,0.0674049654711029,0.0656512295225004,0.016455231,26.0
486,0.0827175540403329,0.0795675483477039,-0.043459814,22.0
487,0.0760746053598983,0.0689934063082652,-0.0007460635,163.0
488,0.0876100306521019,0.0840554166185107,0.24243572,120.0
489,0.0713870648008117,0.0702826222879683,0.00020402705,196.0
490,0.1509802400179981,0.1804906678261803,0.048820335,39.0
491,0.0630551365095397,0.0631635666771413,0.0424688,198.0
492,0.0632583389254731,0.0614958045056123,0.0516277329999999,394.0
493,0.0612169266798539,0.0605559115944876,0.04142426,126.0
494,0.0237382947825925,0.0266668666935284,0.39305902,58.0
495,0.0,0.0,0.3160625999999999,60.0
496,0.218285725794275,0.311731430586303,0.39305902,81.0
497,0.0,0.0,0.17559253,370.0
498,0.1386210577904729,0.1217806154933204,0.08014122,516.0
499,0.0946264627771865,0.0866611731441498,-0.02229233,95.0
500,0.0896852422495826,0.0849498790854077,0.39305902,55.0
501,0.0308170433049114,0.0288631841335754,0.024976268,129.0
502,0.0,0.0,0.39305902,92.0
503,0.0,0.0,0.1008284,307.0
504,0.0258183128042125,0.0294439760051256,0.39305902,47.0
505,0.0515941350529268,0.0476889697074566,0.09585737,207.0
506,0.0759131451094753,0.0740852812062338,0.051291972,121.0
507,0.0629126046734116,0.0543485654213005,0.20584345,139.0
508,0.0848086666208483,0.082172715874797,-0.013476411,53.0
509,0.0446916392079448,0.0445528456562293,0.39305902,40.0
510,0.0,0.0,0.39305902,6.0
511,0.0,0.0,0.39305902,48.0
512,0.0650044992594478,0.0656824563986103,0.24243572,54.0
513,0.0970891845327697,0.0945916276994259,0.046876997,70.0
514,0.0,0.0,0.061172977,43.0
515,0.0043596126341915,0.0053037283810009,0.39305902,86.0
516,0.0299205924879117,0.0279861296433483,0.2877972,391.0
517,0.0328550998252399,0.0330410885796967,0.39305902,45.0
518,0.1759000514354347,0.2042434033034842,0.39305902,133.0
519,0.0358260185569094,0.040880418671744,0.39305902,95.0
520,0.0132325061498262,0.0135033174632731,0.17888615,55.0
521,0.1376258131815199,0.1355966561126192,0.39305902,56.0
522,0.0228512770671199,0.0217732116808817,0.39305902,76.0
523,0.0490865590195644,0.0475291703791912,0.39305902,78.0
524,0.139027342661718,0.1392325818246527,0.39305902,41.0
525,0.0995211908362763,0.1096604367256142,0.39305902,118.0
526,0.0703024082297049,0.0713183018505289,0.1861507999999999,58.0
527,0.0589765376239874,0.0454446732039676,0.39305902,321.0
528,0.1064292982957606,0.1063563957234684,0.39305902,7.0
529,0.0271597110794378,0.0299756565941242,0.39305902,79.0
530,0.0610223965753973,0.0615374408113971,0.39305902,297.0
531,0.0889237571543791,0.0783335032011455,0.39305902,80.0
532,0.0623212112100375,0.0552349511951123,0.39305902,156.0
533,0.0,0.0,0.39305902,55.0
534,0.01528974234331,0.0174963541014124,0.39305902,64.0
535,0.0520263853431332,0.0541928206788791,0.39305902,242.0
536,0.0,0.0,0.39305902,70.0
537,0.0523959921616993,0.0431836352120231,0.39305902,9.0
538,0.0640814191502475,0.0523839862650916,0.1874949,84.0
539,0.2250886326150963,0.2304870070751189,0.39305902,12.0
540,0.0130666647902637,0.0127957725544416,0.18769412,65.0
541,0.0254876956708588,0.0097403709061045,0.27074587,61.0
542,0.0273227160932954,0.0245932910677421,0.15159951,9.0
543,0.3157071170458819,0.3369827287146214,0.39305902,56.0
544,0.0359424434444495,0.0315871079621526,0.39305902,102.0
545,0.0058205010451042,0.0039429056954047,0.39305902,88.0
546,0.0388716650778956,0.0366742834508974,0.39305902,56.0
547,0.0637321857092447,0.052537163770533,0.122917235,43.0
548,0.0585475294675051,0.0588007476692776,0.39305902,87.0
549,0.0476886426733735,0.0272998244830343,0.09515607,245.0
550,0.0372285387926379,0.0447810025843769,0.39305902,549.0
551,0.0204603275751235,0.0216288152104574,0.39305902,41.0
552,0.0869396245010497,0.0805779246396229,0.39305902,59.0
553,0.0250861690423399,0.0136657661539604,0.39305902,71.0
554,0.041253716005299,0.0414193884475151,0.31069297,142.0
555,0.0781982655748229,0.0708540255803828,0.10180701,47.0
556,0.0811398929322369,0.0934865675093749,0.16668063,57.0
557,0.0,0.0,0.39305902,129.0
558,0.0495493600050282,0.0525654754644162,0.030468553,231.0
559,0.0812761274142367,0.084211552973631,0.39305902,62.0
560,0.0384594464763521,0.0432909636736274,0.39305902,59.0
561,0.024796400998913,0.0258533571839867,0.39305902,45.0
562,0.0274148607917305,0.0271150428786343,0.39305902,45.0
563,0.032137535743964,0.0063211697687051,0.25715828,155.0
564,0.0291038200388815,0.0231066087884142,0.19521077,391.0
565,0.0858143156118822,0.0828938602855295,0.39305902,16.0
566,0.0257892603461525,0.0234234711735079,0.008005087,75.0
567,0.0953844926601534,0.0776136663819884,0.2350838999999999,100.0
568,0.0448927273740994,0.0447554891665247,0.39305902,42.0
569,0.0888791544775953,0.0860484291107642,0.24255161,52.0
570,0.0227888907964548,0.0105597051294969,0.39305902,7.0
571,0.044422061132658,0.0372764236689778,0.085114494,182.0
572,0.0552817782254364,0.0419319356756939,0.18532011,85.0
573,0.0543965923796942,0.0500062690740022,0.1975111,40.0
574,0.0143239895087044,0.0140957068360543,0.23945263,44.0
575,0.0256454174038829,0.0220460980441915,0.39305902,56.0
576,0.0158989576473061,0.0152977825911795,0.39305902,94.0
577,0.0,0.0,0.39305902,66.0
578,0.0395423441489595,0.035675530332036,0.39305902,78.0
579,0.0375811961942006,0.0388807716296084,0.19376302,97.0
580,0.021102562283084,0.0247060534878387,0.23234011,30.0
581,0.0619214398164899,0.0646682409371313,0.39305902,94.0
582,0.0169562200405936,0.0173278418007509,-0.05584762,134.0
583,0.0065657191291582,0.0065936077153039,0.011500548,114.0
584,0.0052206208187731,0.0054674403029017,0.08585185,15.0
585,0.0138240152131898,0.0160284505699871,0.24737819,55.0
586,0.085403052476416,0.0787308099919795,0.39305902,50.0
587,0.0135516603127813,0.0141557037896228,0.39305902,59.0
588,0.0833590646752155,0.0726319403445434,0.39305902,59.0
589,0.0470710893589937,0.0391962458548858,0.075300254,152.0
590,0.0356726591763905,0.0454385417357753,0.39305902,40.0
591,0.0459006574710082,0.0370016830431643,0.32082492,56.0
592,0.061990008424148,0.0590209701002493,0.10678074,83.0
593,0.0613759789251932,0.05977289537792,0.061299313,74.0
594,0.0966881149222423,0.0976845186035164,0.15456517,250.0
595,0.0932068053473556,0.0947122730148515,0.2428067,67.0
596,0.0567395878918957,0.0572963313272386,0.39305902,43.0
597,0.0188998802261385,0.013483099379938,0.21346518,65.0
598,0.0775515533947897,0.0793594981393451,0.39305902,32.0
599,0.0177617587162815,0.0184611819338146,0.114726394,157.0
600,0.0884597961654733,0.0838783186068737,0.39305902,85.0
601,0.3560974287903877,0.346330083222298,0.16711327,75.0
602,0.0296270568159171,0.0265566225972035,0.39305902,77.0
603,0.0652984834842234,0.0641879600223306,-0.020121407,28.0
604,0.0,0.0,0.021745622,120.0
605,0.0756192952346034,0.0759560973516366,0.048165213,60.0
606,0.0162038565333304,0.0164615237099748,0.39305902,28.0
607,0.0354089236899833,0.0332061846250109,0.07720123,24.0
608,0.0327724440748107,0.0307397139467546,0.39305902,73.0
609,0.0660253628224168,0.0666526847785907,0.39305902,16.0
610,0.4265090720392229,0.4252312134715447,0.39305902,258.0
611,0.0633997937029087,0.0632825588529186,0.39305902,125.0
612,0.0966891494856308,0.1010294457998938,0.39305902,61.0
613,0.0547131733090436,0.0587416730984231,0.39305902,16.0
614,0.1032332745964534,0.1174716573387197,0.39305902,65.0
615,0.042646075869617,0.0393861291560269,0.39305902,49.0
616,0.0604143806174585,0.0547096844960244,0.22458732,101.0
617,0.0093110101200297,0.0084285036834435,0.07472735,115.0
618,0.1041677917237932,0.104158539683779,0.39305902,190.0
619,0.0528184073678877,0.0584277875639442,0.27096993,152.0
620,0.0059897481594855,0.0066559012778457,0.39305902,250.0
621,0.0447865958401164,0.0468026182704071,0.39305902,56.0
622,0.0022372556836927,0.0022413341777132,0.39305902,56.0
623,0.0582858618252776,0.0583655599574868,0.016227078,330.0
624,0.0756500677470068,0.0744386358830103,-0.021030739,76.0
625,0.1011096123604483,0.1021388977600135,0.39305902,28.0
626,0.0084288440379154,0.0094759464452829,0.18712106,41.0
627,0.0029454792942173,0.0049717218752844,0.23787177,32.0
628,0.0905547074111979,0.0885579587229132,0.39305902,260.0
629,0.0591745890848932,0.0590783574405098,0.39305902,9.0
630,0.1644341326685258,0.1608276947501864,0.39305902,16.0
631,0.0468745597785599,0.0475012830434519,0.39305902,38.0
632,0.0199543416260065,0.0216277038387672,0.2168732,52.0
633,0.0135534627408647,0.0129036292403866,0.39305902,93.0
634,0.0455336808832198,0.046668027332619,0.39305902,44.0
635,0.149265212204831,0.142276622816137,0.39305902,47.0
636,0.1054725582675897,0.1252509748781294,0.39305902,142.0
637,0.0236181633328031,0.0184677523363584,0.10824757,209.0
638,0.0546749598196435,0.0529496193085665,0.39305902,55.0
639,0.0607654258303009,0.0620265243298605,0.39305902,54.0
640,0.0475001253380734,0.0492786757714056,0.39305902,78.0
641,0.0182975858707776,0.0179807684917907,0.2877972,58.0
642,0.0242246860549528,0.0222692876199854,0.13832322,390.0
643,0.1051461893593555,0.0958854107589394,0.39305902,155.0
644,0.0600377906665004,0.0607444806615168,0.39305902,52.0
645,0.0535290093025279,0.0518361625818786,0.39305902,72.0
646,0.0838761678214068,0.085522965881477,0.39305902,65.0
647,0.0792790804182773,0.076009409835095,0.39305902,18.0
648,0.0,0.0,0.32082492,60.0
649,0.0614615216770332,0.0568574592716582,0.39305902,56.0
650,0.0589724553959122,0.0538587240386507,0.39305902,49.0
651,0.0440371189398129,0.0415397544400012,0.39305902,173.0
652,0.1260660212845586,0.1412468352256971,0.39305902,61.0
653,0.1812175600659898,0.186219518287556,0.051997952,139.0
654,0.1013271960680104,0.0999010529250472,0.39305902,59.0
655,0.075961608215747,0.0774170445474756,0.29579476,27.0
656,0.0929948060376818,0.0903031133160257,0.39305902,109.0
657,0.166094145640167,0.1511512983678291,0.39305902,78.0
658,0.0991292567890476,0.1000789138916051,0.39305902,63.0
659,0.0809046136951715,0.0765808275084493,0.2877972,5.0
660,0.0385588616661803,0.0383077516794123,0.39305902,11.0
661,0.0327629152120032,0.032252562723867,0.31070563,94.0
662,0.1395390972459801,0.1405203824546858,0.39305902,50.0
663,0.0430907389741656,0.0433342573406118,0.39305902,84.0
664,0.0517845496989332,0.0516932272627922,0.39305902,312.0
665,0.0787500739308976,0.0674871676955178,0.39305902,34.0
666,0.2139311728448753,0.2031651231043536,0.39305902,74.0
667,0.0298657382694546,0.0305878219760678,0.39305902,84.0
668,0.0471225162323353,0.0367889898524816,0.21054448,108.0
669,0.0522306675726591,0.0562335505205211,0.39305902,109.0
670,0.0676771635381882,0.0664417740086139,0.39305902,45.0
671,0.0009631718325623,0.0010434072572562,0.39305902,62.0
672,0.0564443120239619,0.0547918783720453,0.39305902,100.0
673,0.0826365731301699,0.0816700442098298,0.39305902,63.0
674,0.074085226189901,0.0746399160699935,0.39305902,60.0
675,0.0790429426024452,0.0699350030951287,0.39305902,52.0
676,0.1166420668035026,0.1184360946577599,0.39305902,29.0
677,0.0478622953131432,0.0511980520113102,0.39305902,58.0
678,0.0514350747791398,0.0476737263144427,0.39305902,84.0
679,0.0236299686646373,0.0254401020167008,0.39305902,41.0
680,0.0491385782514163,0.0440941391332681,0.39305902,101.0
681,0.6264971166379374,0.3438363601670858,0.39305902,43.0
682,0.0904983012782482,0.0790115282396695,0.27096993,50.0
683,0.0333222879386979,0.0329293625395893,0.39305902,83.0
684,0.0191386623614917,0.0174505590055838,0.39305902,108.0
685,0.0568917830653707,0.0510115753654925,0.39305902,49.0
686,0.0694650037331803,0.0665487624550227,0.39305902,88.0
687,0.0,0.0,0.39305902,134.0
688,0.0148759974789559,0.0202596402799039,0.39305902,87.0
689,0.0509845130815208,0.0536549160547069,0.39305902,28.0
690,0.1946500759791889,0.21023979201698,0.069214,114.0
691,0.0317414852054758,0.020921826931942,0.39305902,104.0
692,0.0243287414831574,0.0235911863115576,0.15187898,84.0
693,0.0666508575311393,0.056734342834995,0.39305902,175.0
694,0.3491030562999601,0.3596014209900472,0.39305902,57.0
695,0.0881201422875141,0.0745611488614741,0.39305902,69.0
696,0.0477037623140433,0.0532727142717422,0.1887942,142.0
697,0.0278932646152047,0.021850352000679,0.39305902,34.0
698,0.0355621583923781,0.0402740056407784,0.39305902,53.0
699,0.1407439252904024,0.1444148045430235,0.39305902,47.0
700,0.0367529013530279,0.0380132845249769,0.18712106,79.0
701,0.0453103111299317,0.0444014652645301,0.39305902,78.0
702,0.0045823694404693,0.0039292556531931,0.39305902,111.0
703,0.0396052300867946,0.0394076983294651,0.21221744,101.0
704,0.0165603034424864,0.0155481818547861,0.39305902,126.0
705,0.0074670916006622,0.0,0.39305902,71.0
706,0.0876360648709625,0.0882910840796106,0.39305902,50.0
707,0.0150229268124669,0.0137542640996444,0.39305902,40.0
708,0.0137137815839617,0.0121483623533478,0.39305902,50.0
709,0.0402214401252636,0.0460819942727726,0.39305902,22.0
710,0.0583855320653486,0.0575586877966816,0.39305902,135.0
711,0.0618415708899442,0.0588636834770386,0.08774221,64.0
712,0.0318301126999365,0.02839317906046,0.39305902,20.0
713,0.2591682204373167,0.2692022539434102,0.39305902,117.0
714,0.070140055240147,0.0606240886604062,0.39305902,67.0
715,0.0261697594172257,0.0198087989813817,0.25129884,64.0
716,0.0157644257161007,0.0145697053455336,0.39305902,350.0
717,0.0604672263601807,0.0635381709033562,0.114726394,155.0
718,0.0948164039023444,0.0929017686989479,0.39305902,36.0
719,0.144143867223935,0.1412850086013294,0.39305902,56.0
720,0.0329458904251195,0.0328036630710703,0.22221237,160.0
721,0.0851618275194978,0.0837241129636746,0.39305902,40.0
722,0.0271777208411685,0.027625402700628,0.06300913,652.0
723,0.1821831108621524,0.1910123676226836,0.39305902,115.0
724,0.0639976064661193,0.0660223204644649,0.39305902,13.0
725,0.0334200322705594,0.0347223917194568,0.18712106,288.0
726,0.0739081023632609,0.0740069127623922,0.034182176,62.0
727,0.0835649277570221,0.0886850887681953,0.39305902,68.0
728,0.0677585912872439,0.0690771262426437,0.39305902,20.0
729,0.4362514512484247,0.4433098960369741,0.39305902,82.0
730,0.0494041852203685,0.0399414658059584,0.199739,145.0
731,0.0099224918289103,0.0103832266517028,0.39305902,12.0
732,0.0796293055847908,0.078688852210284,0.39305902,90.0
733,0.290875880723286,0.3036261865476564,0.0032516234,242.0
734,0.1970690710538941,0.2055303413209603,0.39305902,25.0
735,0.0637230604769397,0.0632218489498305,0.39305902,61.0
736,0.0797990867359542,0.0835102708850252,0.31006727,75.0
737,0.0911366832681797,0.0887853714656933,0.39305902,48.0
738,0.1253650465343195,0.1251675748129649,0.39305902,51.0
739,0.0503656079943244,0.0507107854180612,0.39305902,107.0
740,0.0662314501336675,0.0654082598460637,0.10180701,9.0
741,0.035235807953744,0.0344328380895311,0.39305902,245.0
742,0.0489998455567692,0.0501688587443874,0.39305902,70.0
743,0.0485975382226245,0.0463998038277369,0.39305902,45.0
744,0.054086723805672,0.0556049623165226,0.39305902,7.0
745,0.3590029497377032,0.3111045448019893,0.39305902,48.0
746,0.0619853350669016,0.0561261179124029,0.39305902,52.0
747,0.0780221194664478,0.0812757562291106,0.26199263,90.0
748,0.0721229962649924,0.0747584447879501,0.39305902,4.0
749,0.0577127458147387,0.0537871512896107,0.39305902,224.0
750,0.0284986297988833,0.0313462895404457,0.31006727,239.0
751,0.0519981019475341,0.0579284118958667,0.39305902,137.0
752,0.0480572570844274,0.0500295853943353,0.16673093,49.0
753,0.0203293465650434,0.019206800730933,0.39305902,28.0
754,0.1333218347889458,0.0532896786620217,0.39305902,60.0
755,0.086532284519208,0.0810694021538969,0.39305902,58.0
756,0.0941074965435864,0.0902598081211909,0.39305902,110.0
757,0.0328200502996439,0.0326442070112174,0.39305902,57.0
758,0.1920746013658417,0.1860672784654923,0.29657477,54.0
759,0.0718162769235663,0.0755012488995097,0.31006727,43.0
760,0.0668681784287463,0.0630851797146922,0.39305902,34.0
761,0.0636296599709652,0.0598237533199255,0.39305902,48.0
762,0.0155165431390931,0.0150172260959454,0.39305902,514.0
763,0.0571202314192122,0.0576531491605962,0.39305902,67.0
764,0.0231852933799194,0.0211842270520676,0.15456517,134.0
765,0.0708299833190198,0.066036121382517,0.20210743,50.0
766,0.0580162636833911,0.0609352643722649,0.39305902,42.0
767,0.0897970079973575,0.08642446552609,0.22745791,232.0
768,0.0878452025711658,0.0776019163580743,0.39305902,38.0
769,0.0145721601591145,0.0148403260944219,0.23945263,62.0
770,0.0874550501368746,0.0916268623415991,0.39305902,238.0
771,0.0106934386380105,0.0123338493370296,0.39305902,73.0
772,0.0733078462583975,0.0738415696235196,0.39305902,41.0
773,0.0615349045688425,0.0618028008640204,0.22905093,34.0
774,0.0398888955150715,0.0425797727117037,0.39305902,14.0
775,0.0475482995993721,0.0439374268923534,0.18779866,188.0
776,0.0323212310750822,0.0290622957567302,0.39305902,23.0
777,0.0672023656216076,0.0631806661028722,0.39305902,91.0
778,0.023236440418362,0.0229523391153523,0.21546161,29.0
779,0.1088358195476238,0.084980699462317,0.39305902,4.0
780,0.022120737666554,0.0181581364772276,0.39305902,237.0
781,0.2003192762661045,0.2141610800955132,0.39305902,12.0
782,0.0466839593126327,0.0401443045578955,0.39305902,32.0
783,0.0613151478924652,0.044369171466757,0.1001123999999999,83.0
784,0.0504386945833916,0.0507935675298446,0.24499105,313.0
785,0.0559865677061829,0.0571926471362649,0.39305902,108.0
786,0.0806175642456199,0.0848884039891392,0.18779866,98.0
787,0.1848943097813722,0.1941888000890688,0.39305902,21.0
788,0.0577007784843423,0.0542475809639858,0.39305902,173.0
789,0.1140236660604699,0.0965239607743346,0.39305902,19.0
790,0.0266233155534154,0.0174224840243572,0.39305902,74.0
791,0.0838571683510935,0.0652528882067024,0.39305902,25.0
792,0.0759668280748561,0.0785808700587728,0.39305902,74.0
793,0.0474804289683046,0.0511305681957138,0.39305902,72.0
794,0.0531195462965991,0.0491052314911571,0.39305902,55.0
795,0.1496221638692588,0.1389630912704126,0.0154769495,106.0
796,0.0646689441924544,0.0646875771411325,-0.039441667,769.0
797,0.0879578097624209,0.0850080737887172,0.050796017,444.0
798,0.0859321451100208,0.0817027437313343,0.10241428,32.0
799,0.0793845816357302,0.0754049131414248,0.0377287829999999,16.0
800,0.0681938823565667,0.0659240465401267,-0.056415714,107.0
801,0.0331595887801007,0.0414167361914049,0.05274345,2.0
802,0.0677378406609212,0.0464425342053239,0.001263215,35.0
803,0.0494721424328316,0.0492191542214109,-0.05833337,47.0
804,0.0,0.0,-0.028847247,41.0
805,0.0738855274119188,0.0707153251824246,0.052631628,97.0
806,0.0812103185077232,0.0731298836824285,-0.057164967,116.0
807,0.0751179381439367,0.072847762603365,0.0545717,75.0
808,0.0843069325246375,0.0786157210904719,0.11195791,98.0
809,0.0606162791447268,0.0603515729099683,-0.02026454,385.0
810,0.2409407168152181,0.2374486108840661,0.0432616959999999,241.0
811,0.0834713394466278,0.0798227312498627,0.39305902,22.0
812,0.0893080349580588,0.086482212311969,0.021406485,57.0
813,0.0702355817578785,0.0752614535747178,0.0102534669999999,53.0
814,0.054849198935761,0.0553587794876318,0.31069297,55.0
815,0.0483547224820041,0.0451300853764709,0.39305902,138.0
816,0.0744879506029476,0.0771973397675691,0.39305902,33.0
817,0.0774433275439466,0.0777698154649096,0.29742998,51.0
818,0.0269896795202146,0.0266424394672046,0.114726394,39.0
819,0.0705000531573756,0.074139884268982,0.39305902,57.0
820,0.3211701454089521,0.3722234297007989,0.39305902,64.0
821,0.0087347472869964,0.007450428120979,0.39305902,86.0
822,0.0953225936059571,0.0934837852698629,0.31069297,52.0
823,0.0656350829717581,0.0667760191418219,0.057535775,90.0
824,0.0654722861975111,0.0675911063875056,0.019000396,160.0
825,0.0659158817702764,0.0675831120111736,0.0034044073,123.0
826,0.0674009788046229,0.0724378883124875,0.16668063,124.0
827,0.1516850116095467,0.1628533050414699,0.39305902,507.0
828,0.0669799733672571,0.0689119407199745,-0.028988115,52.0
829,0.0630659640667876,0.0643969913962927,-0.015868798,213.0
830,0.0672120178012585,0.0744280305638982,-0.0515906359999999,90.0
831,0.0335134781361808,0.0364479346619242,0.39305902,69.0
832,0.0704570349618464,0.0693181689872067,-0.013994284,176.0
833,0.0299488924015447,0.0338418283099669,-0.063513316,77.0
834,0.01574554287305,0.0178413463189772,0.003231153,151.0
835,0.0427897745125376,0.0460810626806929,0.04609696,44.0
836,0.0330148826158445,0.0352774161908993,0.39305902,67.0
837,0.045816652095128,0.0479202855990768,0.39305902,54.0
838,0.0880045499698699,0.0862978910878076,0.39305902,33.0
839,0.0293950564169693,0.032136156568497,0.07320029,89.0
840,0.0552835975013759,0.0519849927424232,0.39305902,27.0
841,0.0583851328588572,0.0527392038515874,0.24489243,13.0
842,0.0584946196420833,0.055067294944761,0.39305902,27.0
843,0.0852077987793414,0.085448176321731,0.39305902,95.0
844,0.0646659104550847,0.0604228117160633,0.39305902,42.0
845,0.3585339823386131,0.3754203143155529,0.24475484,304.0
846,0.0194656992132083,0.029455637532673,-0.04125835,126.0
847,0.0397469085444032,0.0309591200518048,0.05240934,54.0
848,0.0770069400124329,0.0725525183327912,-0.0115093989999999,209.0
849,0.0383533585887945,0.0419660905452444,0.05077533,105.0
850,0.0416779331956973,0.0469071889372089,-0.0081417225,154.0
851,0.0140792771478358,0.0156979532095289,0.076086566,85.0
852,0.1659514052187926,0.154230344947627,-0.054858778,12.0
853,0.1659726829738239,0.1542718796960135,0.12493536,10.0
854,0.2443284340168305,0.238528689996842,0.06662513,12.0
855,0.1047896864580509,0.1098142154819352,0.31006727,37.0
856,0.0823622942592499,0.0841661779928381,0.39305902,4.0
857,0.1240821911322305,0.116728679173988,0.16711327,198.0
858,0.178624356671836,0.167542786518684,-0.037026618,13.0
859,0.1728702464460774,0.1645178579198382,0.08298276,13.0
860,0.2563294531653,0.2553954214742813,0.15698367,56.0
861,0.1640940434036832,0.1604627403909703,-0.0051707113,6.0
862,0.1906777087875086,0.1896973191590425,0.19928403,15.0
863,0.0504190494064451,0.0362466065961673,0.39305902,74.0
864,0.0113753190717143,0.014220354939563,0.39305902,35.0
865,0.0389553638035312,0.0372613394758582,0.39305902,109.0
866,0.0644771502205031,0.0643999436107698,0.2619864,220.0
867,0.0181570874390409,0.0187744241163035,0.39305902,112.0
868,0.0046635801571166,0.0048909242756938,0.39305902,68.0
869,0.0241472255891957,0.0105248544028588,0.39305902,95.0
870,0.2487533269054205,0.2444106557271714,0.061095178,56.0
871,0.2473064146577563,0.2402488837661829,0.04518097,289.0
872,0.2119364045464999,0.208341991082667,-0.04586242,717.0
873,0.1909087104010021,0.1934198211390631,0.06137538,46.0
874,0.1900122153970161,0.1871158485671576,-0.007215421,358.0
875,0.1709481376497117,0.16584435244549,-0.050721087,358.0
876,0.2456706881388367,0.2355394833391155,0.0065056854,56.0
877,0.2030670502670138,0.1994039413399718,0.020622559,140.0
878,0.2744844904440283,0.26901120195044,-0.02071532,356.0
879,0.2085551431438947,0.1971282137371462,-0.03536173,51.0
880,0.2193137970493622,0.2131898402365292,-0.04996028,33.0
881,0.2451941008581476,0.2402630529293829,0.03927623,319.0
882,0.1046137959840928,0.1047440697431022,-0.013300005,57.0
883,0.2778787207891354,0.2757920042302699,-0.008005647,3.0
884,0.2325111086685196,0.2319358832095941,0.03772437,146.0
885,0.1806398597618645,0.1758469837294142,0.048633635,18.0
886,0.1523416815471661,0.1468460265881808,-0.0008556866,504.0
887,0.1627135017978716,0.1599728946955909,0.011320233,123.0
888,0.0658746479716782,0.0666921112304183,-0.044700097,49.0
889,0.0744019291046853,0.0728985668191732,-0.03048852,51.0
890,0.1068018015881178,0.1069898745952566,0.0457667259999999,138.0
891,0.0636381962109565,0.0627032467013234,0.010257035,29.0
892,0.083772515254086,0.0778111659715963,-0.0018438635999999,90.0
893,0.1351494889290621,0.1378424275838496,0.02650275,126.0
894,0.1230093299450184,0.1160872079489344,0.15815803,163.0
895,0.0642772129140885,0.0644359509457964,-0.020455316,137.0
896,0.0116056604140655,0.0076139647247709,0.39305902,168.0
897,0.0160746518421657,0.0176247285214247,0.23471543,240.0
898,0.1446345141476588,0.1624210573634951,0.39305902,17.0
899,0.4209680297265945,0.3967028854796862,0.39305902,254.0
900,0.0874219930100586,0.0859021288199909,0.39305902,59.0
901,0.0196158499176451,0.0209239218563698,0.39305902,168.0
902,0.0258086356464988,0.021981561197578,0.39305902,10.0
903,0.4425080910988122,0.4540309388186695,0.23560894,168.0
904,0.0126168599629618,0.0142085014617834,0.18500438,107.0
905,0.0078040976326225,0.0060477136690442,0.39305902,19.0
906,0.0,0.0,0.39305902,168.0
907,0.0554825061801787,0.056268335380157,0.39305902,234.0
908,0.0917742730667689,0.08586121311763,0.39305902,141.0
909,0.4611558036540549,0.5327079587322967,0.39305902,146.0
910,0.082699348664232,0.0836955669057779,0.39305902,69.0
911,0.0617544845301061,0.0579039234551539,0.39305902,78.0
912,0.0572126856294464,0.0573013705609652,0.39305902,80.0
913,0.0526084425648959,0.0543349666491414,0.39305902,211.0
914,0.0282046563869096,0.0281975428456147,0.39305902,72.0
915,0.092937969857316,0.0935157338933954,0.39305902,168.0
916,0.0781449828112396,0.0766659081764092,0.39305902,215.0
917,0.1518225617191684,0.1541655491884752,0.057895217,168.0
918,0.0350816584678557,0.0364634561254281,0.39305902,58.0
919,0.274200152936124,0.2694829694934023,0.39305902,239.0
920,0.0837172668098044,0.0772872928644619,0.25099578,165.0
921,0.1642962993749359,0.1568372492006769,0.24243572,169.0
922,0.0877344532475631,0.0803110710314454,0.19801208,130.0
923,0.0797903545624427,0.073700594083063,0.05794011,149.0
924,0.0714520333741289,0.0666943405992583,0.39305902,215.0
925,0.0857835067994416,0.0847017005132676,0.39305902,0.0
926,0.2000082479975437,0.2055124749819434,0.22941947,124.0
927,0.0908384064911774,0.0919588429928049,0.24737819,38.0
928,0.1063837120661706,0.1065618904215627,0.39305902,330.0
929,0.0188340311997983,0.0173776110135409,0.36783686,215.0
930,0.0796353246843088,0.0848248241533546,0.39305902,80.0
931,0.0788315584798614,0.0766426172877837,0.39305902,76.0
932,0.3038194723731422,0.3505003021230689,0.39305902,168.0
933,0.2290235486879443,0.225911584598746,0.39305902,0.0
934,0.1442161923264832,0.1490800908134884,0.39305902,168.0
935,0.0377736099593201,0.0375530766512125,0.39305902,38.0
936,0.0648217156210215,0.0644245628727156,-0.0073335767,71.0
937,0.0223458956968836,0.0210322380556831,0.20969202,95.0
938,0.0282123816591757,0.022456592024761,0.007910542,7.0
939,0.0752187407206647,0.0767287481962129,-0.060036633,117.0
940,0.0833678726114004,0.086062941689301,0.06863453,103.0
941,0.0,0.0,0.39305902,19.0
942,0.0372182712944006,0.0372892489344666,0.20760982,43.0
943,0.1234099847261237,0.1154346030084845,0.07682788,47.0
944,0.0245295259010971,0.0205629771368423,0.39305902,45.0
945,0.0080603381572598,0.0090335555938637,0.39305902,65.0
946,0.0072003047041948,0.0054438765879767,0.39305902,37.0
947,0.0503922658353297,0.0261589335740206,0.121105984,164.0
948,0.0214622131174069,0.0212675915343815,0.39305902,155.0
949,0.089735958530752,0.0873843006374157,0.39305902,47.0
950,0.0555419233360003,0.0529465424948768,0.076086566,203.0
951,0.0857192817303844,0.0932872743109582,0.31006727,116.0
952,0.0468068063147235,0.0455642751030451,0.39305902,49.0
953,0.0725784284691464,0.0733475549795242,0.19837767,56.0
954,0.0479893443501155,0.0403240458563512,0.39305902,30.0
955,0.2665430747698248,0.2992333366474461,0.39305902,43.0
956,0.6931708485854052,0.6751192030025899,0.39305902,97.0
957,0.0107977818140824,0.0105748567249422,0.39305902,173.0
958,0.4321563894663386,0.5026365985342961,0.29742998,170.0
959,0.0248241970021555,0.0272473074628809,0.06295202,113.0
960,0.0447970368787987,0.0424708586608925,0.13212934,91.0
961,0.0034111630757125,0.0039485820002126,0.22163332,151.0
962,0.3906757102407704,0.5028525370808594,0.36783686,62.0
963,0.0220536212780451,0.0204340625109866,0.39305902,151.0
964,0.0575723439915767,0.0553237297511608,0.39305902,116.0
965,0.062207669029597,0.0647294832160573,0.39305902,49.0
966,0.0053551331769739,0.0060424637114883,0.39305902,49.0
967,0.0480190510416158,0.0498922647824453,0.39305902,86.0
968,0.0219168784817077,0.0204969756912531,0.39305902,32.0
969,0.0102233317849266,0.0117620872831797,0.39305902,76.0
970,0.1063598196889328,0.1140166046511791,0.39305902,24.0
971,0.0690782709812133,0.0812489324693928,0.39305902,140.0
972,0.006999349255149,0.007485413330329,0.39305902,53.0
973,0.1649337171975803,0.1616900849962173,0.39305902,170.0
974,0.0166479149116221,0.0167978302355386,0.39305902,100.0
975,0.2146666796566509,0.205315135913877,0.39305902,294.0
976,0.0200045639976006,0.0216651412702148,0.39305902,96.0
977,0.0604690993982554,0.061618402750355,0.39305902,97.0
978,0.0822520470097107,0.0790649374630001,0.39305902,130.0
979,0.1067651812858805,0.1053741645330511,0.39305902,120.0
980,0.0527979381987663,0.0518917387277018,0.39305902,395.0
981,0.0824340239142009,0.0797572196143687,0.21937951,133.0
982,0.0898384863579443,0.0882249140637556,0.06146249,136.0
983,0.0,0.0,0.39305902,72.0
984,0.0556179102319467,0.0443138827694654,0.39305902,63.0
985,0.0404579270099274,0.0374224662698386,0.39305902,156.0
986,0.0,0.0,0.39305902,35.0
987,0.0472501177990477,0.046490106035818,0.39305902,8.0
988,0.0793415703708727,0.0809061856521648,0.39305902,53.0
989,0.0492578509827981,0.0458125460146801,0.39305902,14.0
990,0.1242708891464977,0.1270715123544822,0.39305902,9.0
991,0.0177350022877327,0.0195520428139244,0.053857557,62.0
992,0.0294021398674665,0.0275055886272177,0.06484583,14.0
993,0.0474883973568559,0.0429746539270222,0.07009526,97.0
994,0.0722126846419296,0.0714965587780248,0.0471645559999999,319.0
995,0.0,0.0,-0.043108977,101.0
996,0.0716744263266426,0.0701135123881098,-0.0595379059999999,89.0
997,0.0130639516010463,0.0148187639790546,0.0042324895,111.0
998,0.0815768791410063,0.0920278454604119,0.36783686,115.0
999,0.080913851099486,0.0785368461496324,-0.030598667,1.0
1000,0.1074636965706243,0.1034413408170182,0.39305902,73.0
1001,0.0812477421708395,0.0876132987960934,0.04491271,40.0
1002,0.0596205793336884,0.0589146808682232,-0.011275445,130.0
1003,0.0599903207276598,0.058701664248709,-0.024512671,55.0
1004,0.0248634242726723,0.0291237861297177,0.0891242,16.0
1005,0.0985729263679892,0.0855959966342159,0.043556295,71.0
1006,0.0143178313699602,0.0076806788863939,0.22745791,88.0
1007,0.0543421301450853,0.0537163074813006,0.21396533,173.0
1008,0.068615913856168,0.0689892737635547,-0.029837206,54.0
1009,0.0652745758382584,0.0638949400644271,0.031741723,49.0
1010,0.0562606655027407,0.0310083755826594,0.18695667,37.0
1011,0.0411039671753963,0.0390063585465454,0.03469579,44.0
1012,0.0,0.0,-0.005320728,125.0
1013,0.0100489280999021,0.0115605810948426,-0.0078103505,38.0
1014,0.0450990375113146,0.0444865390203369,0.0744879,39.0
1015,0.0550662068627595,0.0547189956259438,-0.051713474,4.0
1016,0.028327720525848,0.0345681580354735,0.08879378,90.0
1017,0.1018202765573982,0.0840147187942065,0.07020792,38.0
1018,0.0,0.0,-0.013745963,15.0
1019,0.0722767887876898,0.0864344758371399,0.0069136319999999,23.0
1020,0.0582255515826166,0.0521604517401766,-0.0355508479999999,383.0
1021,0.0112436892480605,0.0119704137717124,0.051536813,33.0
1022,0.0393706631544554,0.0413253095336898,-0.037430182,91.0
1023,0.244588072927313,0.2086062256265276,0.114726394,48.0
1024,0.0479457769842187,0.0436444200125445,0.39305902,183.0
1025,0.0581944950597675,0.0450980849185638,0.39305902,81.0
1026,0.0284937568536108,0.0108934053527273,0.39305902,48.0
1027,0.0,0.0,0.39305902,228.0
1028,0.0,0.0,0.39305902,21.0
1029,0.0,0.0,0.39305902,100.0
1030,0.0616551559698813,0.0489492048113841,0.39305902,11.0
1031,0.0987557180675091,0.0945106789773708,0.2428067,209.0
1032,0.0192812423379784,0.0184767680509696,0.23390928,134.0
1033,0.0344347928516371,0.0308818419271789,0.39305902,44.0
1034,0.0558080748945393,0.0491347515557101,-0.050225027,63.0
1035,0.0299718710340118,0.0288622214827304,0.088355705,13.0
1036,0.0604176299471218,0.0523469874338681,0.032854695,199.0
1037,0.0704047106722914,0.0601191192115429,0.39305902,27.0
1038,0.0635328663620302,0.0779865538373593,0.39305902,250.0
1039,0.0754077302747785,0.0818879605776722,0.024988735,71.0
1040,0.0673799725543328,0.0823241329744799,0.39305902,249.0
1041,0.010731532454198,0.012259831994757,0.39305902,105.0
1042,0.0,0.0,0.13931611,7.0
1043,0.0108815834511929,0.012869474556714,0.0566216259999999,783.0
1044,0.09368012465233,0.0932060519100228,-0.02717213,293.0
1045,0.0,0.0,0.39305902,109.0
1046,0.1361321858917299,0.1325593968244994,0.24438925,38.0
1047,0.1938974523277073,0.1968918032547495,0.028023034,39.0
1048,0.559127146705793,0.4900518743052619,0.21265128,20.0
1049,0.0250840085620349,0.0236856900491638,-0.009588684,81.0
1050,0.0714265274614702,0.067873247851261,0.19444534,187.0
1051,0.1055561103649961,0.0994981405933907,-0.01265673,79.0
1052,0.0474415681264346,0.0470681920449509,0.0116711619999999,182.0
1053,0.0665382823374652,0.0612768357552046,-0.02057762,237.0
1054,0.0571291637248291,0.0575076400606095,0.01468898,25.0
1055,0.0579196379666174,0.0567506170490628,-0.05995979,53.0
1056,0.0895715690295525,0.0924815303525845,0.06464426,62.0
1057,0.2189669557642162,0.2114852065171642,0.028609395,42.0
1058,0.0429781023864972,0.0413286962213641,0.06977473,34.0
1059,0.0799784921776833,0.0874211648827373,0.12612772,43.0
1060,0.0527792825584626,0.0528453486312963,-0.054753892,78.0
1061,0.0616944205454683,0.0564801649823462,0.010621084,87.0
1062,0.0234013771395948,0.0280137931414225,0.06418126,44.0
1063,0.0506199056466525,0.0475356029270154,0.025069643,5.0
1064,0.0355079111713508,0.0375799881923122,0.14064237,147.0
1065,0.0776159329695137,0.0742646532508361,0.1004106999999999,86.0
1066,0.0446365182221339,0.044883995244358,-0.045220822,71.0
1067,0.0166929965883153,0.0152768500291516,-0.011638213,35.0
1068,0.0729249833652982,0.0744048212911281,0.18500438,31.0
1069,0.0980870189541785,0.1110522672483332,0.247536,77.0
1070,0.0,0.0,0.048902098,31.0
1071,0.0190413360939091,0.0194222248579593,0.073637396,51.0
1072,0.0014233093634382,0.0011831671532411,0.39305902,45.0
1073,0.0,0.0,0.037982292,340.0
1074,0.178692816343054,0.21077641469557,0.39305902,160.0
1075,0.0568077505948545,0.0510694598126376,0.39305902,162.0
1076,0.0661303034680552,0.0578139198318532,0.39305902,24.0
1077,0.0749173633851787,0.0666572675124356,0.39305902,14.0
1078,0.0425530089392519,0.0430270322186188,0.39305902,63.0
1079,0.0223480818791668,0.0229305672795661,0.39305902,35.0
1080,0.0632819681896233,0.0601964307866554,0.39305902,7.0
1081,0.0113503575008462,0.0140636412706053,0.39305902,106.0
1082,0.0543346773832367,0.0551775493157854,0.21674679,61.0
1083,0.0839644802835737,0.0777184688397592,0.39305902,49.0
1084,0.0716947526485401,0.0679459886167904,0.10879075,185.0
1085,0.0011726244906174,0.0009566267576731,0.39305902,39.0
1086,0.0212177864491315,0.0179687350472602,0.39305902,408.0
1087,0.077070854953001,0.0757278881630287,0.39305902,126.0
1088,0.0590037379256969,0.059982337248079,0.39305902,145.0
1089,0.0958311384971096,0.0881832656569716,0.39305902,101.0
1090,0.0729636126540497,0.0742634699311334,0.39305902,516.0
1091,0.0569328170657854,0.0568734757370355,-0.01179172,31.0
1092,0.0559463986710708,0.0605698724680477,0.39305902,60.0
1093,0.0737916822088977,0.0695927925862166,0.08207821,133.0
1094,0.0782643317526939,0.0736363465956066,-0.00092898076,94.0
1095,0.0807944473614567,0.0751905841354874,0.07165886,23.0
1096,0.0157692622069734,0.0176132807839122,-0.041974753,85.0
1097,0.0466116235172084,0.044916861430213,0.184252,129.0
1098,0.0772385415653231,0.0755158833696471,0.021412171,62.0
1099,0.0694501003105918,0.0704222069636751,0.061143693,39.0
1100,0.0,0.0,0.038180612,362.0
1101,0.0,0.0,0.09679626,17.0
1102,0.0,0.0,-0.022213442,119.0
1103,0.0092508962241703,0.0093411866903219,-0.060375944,46.0
1104,0.0713762695040439,0.072868673610655,0.013627976,108.0
1105,0.0663002949845062,0.0664895628631445,0.199739,123.0
1106,0.0825968172234092,0.072358040160137,-0.06483392,581.0
1107,0.156503593593369,0.1638794381950702,0.2478176,30.0
1108,0.0452481035662309,0.0576179582728195,0.15377648,153.0
1109,0.055591961232846,0.0542065473531707,0.021030456,130.0
1110,0.4151500253693567,0.4151029186323135,0.39305902,63.0
1111,0.1906283542341579,0.1920842984606138,0.39305902,73.0
1112,0.0428810264860381,0.0465945621960354,0.39305902,72.0
1113,0.1706865379944658,0.1669162417339393,0.39305902,19.0
1114,0.0775920473363851,0.0668620646355038,0.39305902,29.0
1115,0.0,0.0,0.39305902,46.0
1116,0.0127014069685963,0.0127040192452847,0.28487885,409.0
1117,0.0972556731785963,0.1031831490114123,0.25633958,195.0
1118,0.0049202637752036,0.0052890920322865,0.39305902,147.0
1119,0.0910701574418611,0.0816685190777369,0.39305902,14.0
1120,0.0532129108582255,0.0469001209332867,0.39305902,78.0
1121,0.0598240558829355,0.0599766678574226,0.39305902,14.0
1122,0.0370923226304951,0.0359908015062118,0.39305902,70.0
1123,0.0505213504203746,0.0464385889098905,0.10180701,62.0
1124,0.1092270318758726,0.1089643058639247,0.39305902,77.0
1125,0.0439883609583451,0.0379485240128513,0.39305902,29.0
1126,0.0319787965470047,0.0258701116115615,0.39305902,84.0
1127,0.0747645597088423,0.0719263472762912,0.39305902,49.0
1128,0.0721463988847731,0.0753662466112642,0.31069297,105.0
1129,0.0629861329351322,0.0608870498661416,0.39305902,110.0
1130,0.0371887784028405,0.0342167774867807,0.39305902,183.0
1131,0.0508829983893244,0.0515315488518631,0.39305902,38.0
1132,0.0381221376924311,0.0408620192564105,0.39305902,111.0
1133,0.0706702907138329,0.0715200351881647,0.39305902,62.0
1134,0.0618743840019908,0.0640799190320567,0.39305902,45.0
1135,0.0665887756878489,0.0702856504385299,0.39305902,182.0
1136,0.0583446208681947,0.0558620019610963,0.39305902,84.0
1137,0.063992847562598,0.0676000553970489,0.39305902,21.0
1138,0.031202608108751,0.0319382710490906,0.39305902,137.0
1139,0.035387450626973,0.0390487702093052,0.39305902,154.0
1140,0.052853056172194,0.0569035366240158,0.39305902,21.0
1141,0.0615437664540796,0.0618291516726127,0.39305902,377.0
1142,0.0619439499947417,0.0604559667769371,0.39305902,62.0
1143,0.0699679183328818,0.07233835858877,0.39305902,301.0
1144,0.0970461114137054,0.0923393525251707,-0.0010088783,40.0
1145,0.0373170081944344,0.038780469612682,0.39305902,44.0
1146,0.0954407125817557,0.101074552221304,0.39305902,61.0
1147,0.0895046317045944,0.0984011924343923,0.39305902,127.0
1148,0.0655889931587235,0.0603962050635164,0.39305902,27.0
1149,0.0502133171995005,0.0507689722952538,0.39305902,186.0
1150,0.0905563833499302,0.0888770106094458,0.39305902,40.0
1151,0.0545730362858954,0.074201921421809,0.39305902,143.0
1152,0.1468626607412434,0.1509807763545989,0.39305902,66.0
1153,0.059386503435179,0.0588093564862172,0.39305902,202.0
1154,0.0460324125577336,0.0478292646406916,0.39305902,37.0
1155,0.075948322347469,0.076732356080551,0.24553981,89.0
1156,0.244846771835407,0.2891168051399811,0.39305902,61.0
1157,0.0953232941297109,0.0927341166629058,0.39305902,83.0
1158,0.0522949309273326,0.0583299263713344,0.39305902,50.0
1159,0.0735274903359194,0.064208586712184,0.39305902,18.0
1160,0.077578134886231,0.0772157981834496,0.39305902,184.0
1161,0.0133290087322927,0.010380178698079,0.39305902,77.0
1162,0.0341029648598566,0.0349674365067867,0.39305902,30.0
1163,0.0513219884916875,0.049413272551019,0.39305902,30.0
1164,0.0420422038041529,0.0396150302152855,0.39305902,121.0
1165,0.0437024790240806,0.0465174951845772,0.39305902,135.0
1166,0.0325548622924459,0.0347081874840774,0.39305902,138.0
1167,0.0497620296665415,0.0457497477355788,0.39305902,194.0
1168,0.09083955452128,0.0936560418120736,0.39305902,36.0
1169,0.0697064648877346,0.0694188857687266,0.39305902,35.0
1170,0.0679153678228071,0.0658670909905606,0.39305902,7.0
1171,0.0330407351115973,0.0286207133532889,0.22442606,32.0
1172,0.0811680001619635,0.0795622293642015,0.39305902,47.0
1173,0.1186741411858642,0.112052348465745,0.39305902,71.0
1174,0.1036296796325476,0.1104710230434147,0.39305902,506.0
1175,0.0692862416552903,0.066647459697354,0.39305902,526.0
1176,0.0507490576189832,0.0508903008234483,0.39305902,520.0
1177,0.062320752360963,0.0638699574675107,0.19049442,70.0
1178,0.0490335744603945,0.0493856731217932,0.39305902,74.0
1179,0.0415281222445313,0.0465137999189096,0.32082492,48.0
1180,0.0552671392165009,0.0550289147665411,0.39305902,149.0
1181,0.0126111972211932,0.0121066948481106,0.39305902,24.0
1182,0.0632242777166361,0.0649192075207494,0.39305902,7.0
1183,0.0597953264283399,0.0616952212290503,0.39305902,19.0
1184,0.0198658126825987,0.0191006772165202,0.39305902,102.0
1185,0.2065307252526741,0.2414025961962442,0.39305902,417.0
1186,0.0279462997675586,0.0269284791786025,0.39305902,53.0
1187,0.0365079404335245,0.0398083805252376,0.39305902,50.0
1188,0.0645077221805771,0.0651748227729477,0.39305902,95.0
1189,0.0815947213534403,0.0869113658498389,0.39305902,186.0
1190,0.0436424797804807,0.0427203383058221,0.39305902,40.0
1191,0.0130014907096821,0.0134298793247278,0.39305902,133.0
1192,0.020737664189724,0.0208092220480065,0.39305902,111.0
1193,0.0562383783508225,0.0543883105955159,0.39305902,73.0
1194,0.04949539487531,0.0485302362863015,0.39305902,47.0
1195,0.0684638781062507,0.0689445547060517,0.15593617,99.0
1196,0.0398624500676223,0.0397007099329116,0.25715828,529.0
1197,0.0396090295992168,0.0396229924543846,0.39305902,49.0
1198,0.0458772186571521,0.0463950798399821,0.39305902,65.0
1199,0.059736294034534,0.0626781528103525,0.39305902,59.0
1200,0.0585768035772376,0.0590751022299898,0.39305902,92.0
1201,0.0558419457638895,0.0555619009727959,0.39305902,101.0
1202,0.0533970557415666,0.0531086964356297,0.39305902,101.0
1203,0.0989229597860687,0.0984302956240322,0.39305902,42.0
1204,0.0392989795418319,0.0380655653726368,0.39305902,50.0
1205,0.0644106553497587,0.0623880680817673,0.39305902,32.0
1206,0.0558234926138532,0.0702188259362846,0.39305902,251.0
1207,0.1346853650151689,0.1378211771696082,0.39305902,65.0
1208,0.034064260991473,0.0357001954128647,0.39305902,147.0
1209,0.0429831041004003,0.0450671859558978,0.39305902,59.0
1210,0.0565480704455296,0.0515741825809477,0.39305902,62.0
1211,0.0507097952932558,0.0511529970064581,0.39305902,133.0
1212,0.1824058309727272,0.1873805823598058,0.39305902,49.0
1213,0.0655939167302579,0.0627496381382203,0.39305902,85.0
1214,0.0615913675987765,0.0631172855164519,0.39305902,237.0
1215,0.0613053948230683,0.0623843087966237,0.39305902,125.0
1216,0.0497634912241124,0.0472669225993482,0.39305902,87.0
1217,0.0824647018877822,0.0822805135502511,0.39305902,36.0
1218,0.041400998250227,0.0375883464892918,0.39305902,33.0
1219,0.0260022346587891,0.0262267015055261,0.39305902,57.0
1220,0.0269025573281276,0.027934478781273,0.39305902,53.0
1221,0.0693614354194345,0.0711862232313843,0.39305902,48.0
1222,0.0545335923424018,0.0512211773450792,0.39305902,7.0
1223,0.0762466443011073,0.0763185708991472,0.24220136,115.0
1224,0.0200989576624606,0.0221303422319509,0.39305902,96.0
1225,0.0125704034528542,0.0147214617271366,0.39305902,46.0
1226,0.0416501881267547,0.0441093931974789,0.39305902,255.0
1227,0.0443274277230909,0.0488586809022439,0.39305902,72.0
1228,0.0909553384213161,0.085090794887515,0.2428067,31.0
1229,0.0282333897461691,0.0284729700420563,0.39305902,240.0
1230,0.0748354795952066,0.0815047884594419,0.39305902,78.0
1231,0.0422075324900196,0.0424839660246792,0.39305902,76.0
1232,0.0154815483142944,0.0162798988237569,0.39305902,116.0
1233,0.0550134855167476,0.0556867860084611,0.116373494,105.0
1234,0.0502952093149922,0.0480991338819272,0.39305902,100.0
1235,0.0918174648666972,0.0884582543930483,0.19209942,357.0
1236,0.0559612196979598,0.0512792660578558,0.39305902,42.0
1237,0.056378247326516,0.0536610576198549,0.39305902,18.0
1238,0.0,0.0,0.39305902,40.0
1239,0.051964443581974,0.0467240105429845,0.39305902,128.0
1240,0.2176698562324688,0.2191990451781624,0.39305902,165.0
1241,0.1116061101331955,0.113308457445279,0.39305902,82.0
1242,0.18731870606215,0.1883925282637074,0.39305902,205.0
1243,0.1672190293193075,0.164813795990661,0.39305902,75.0
1244,0.0646328565176773,0.0660940068086441,0.39305902,127.0
1245,0.0711757881305101,0.0759421016534677,0.39305902,165.0
1246,0.0614456073016403,0.0655638016179284,0.39305902,557.0
1247,0.0508714023986735,0.0440766835338775,0.39305902,2.0
1248,0.0421681136649368,0.0431005597235492,0.39305902,26.0
1249,0.1055125107851904,0.0940388493125152,0.13327895,57.0
1250,0.0753213839901855,0.0812852160209345,0.27096993,43.0
1251,0.0438041763271636,0.0408831055341849,0.39305902,15.0
1252,0.0514505452750397,0.0554660773141002,0.39305902,65.0
1253,0.0660067257798742,0.0631225568811104,0.39305902,55.0
1254,0.0461619057484443,0.0397981696088225,0.39305902,87.0
1255,0.0763355461475671,0.0753371194049822,0.39305902,111.0
1256,0.1117842128519701,0.104360007789327,0.39305902,198.0
1257,0.0483069362704894,0.0399051891142353,0.36783686,53.0
1258,0.0048098864534194,0.0142268591762012,0.39305902,13.0
1259,0.050541641984223,0.0528095556581968,0.39305902,246.0
1260,0.0261066399144423,0.0293370985763883,0.39305902,62.0
1261,0.0638009788023658,0.0654311711397245,0.39305902,45.0
1262,0.0305159581090491,0.0292732727626091,0.21462822,151.0
1263,0.0696839750885708,0.0697151727313451,0.39305902,58.0
1264,0.0469525904442724,0.0447481414274559,0.22745791,14.0
1265,0.0487841893013145,0.0492869484615331,0.39305902,59.0
1266,0.0498464120106244,0.0528771402834349,0.39305902,91.0
1267,0.0129036050671742,0.0155963739757901,0.39305902,98.0
1268,0.0505892083271737,0.0477858103241455,0.10464342,165.0
1269,0.0547330425530888,0.0573424694673555,0.39305902,37.0
1270,0.0856033598890706,0.0867499263897003,0.24220136,204.0
1271,0.0608147835849153,0.0601863539148726,0.39305902,155.0
1272,0.0493237182338734,0.0482904561654166,0.39305902,88.0
1273,0.0585659461056154,0.0590109566848797,0.39305902,203.0
1274,0.0486287815499832,0.0527911997869974,0.39305902,111.0
1275,0.0378855884645529,0.0397124043753318,0.25715828,18.0
1276,0.0860335871538157,0.0858573331852633,0.39305902,175.0
1277,0.0498658418637768,0.0526618472075677,0.39305902,52.0
1278,0.0731741288024234,0.0640641111116831,0.39305902,48.0
1279,0.035265400877471,0.0388298851086349,0.39305902,59.0
1280,0.0349653976334186,0.033384819589928,0.39305902,88.0
1281,0.0695741535486677,0.0603111162675616,0.28487885,22.0
1282,0.0020239936952901,0.0021129841609294,0.39305902,112.0
1283,0.0368110752349981,0.0353739582532964,0.39305902,117.0
1284,0.0803818214186504,0.0774893155465062,0.39305902,69.0
1285,0.0511904453791375,0.0515038898737076,0.39305902,360.0
1286,0.0472990068608204,0.0435168543380947,0.39305902,64.0
1287,0.0505080612241053,0.0505974150410175,0.39305902,36.0
1288,0.0239781326588537,0.0242116452093572,0.39305902,78.0
1289,0.0551192625771069,0.0559500426920244,0.39305902,152.0
1290,0.0566175064077349,0.0611917097517372,0.39305902,67.0
1291,0.0185698743900455,0.018098143605393,-0.044745587,143.0
1292,0.0269053619538343,0.0257790515013039,-0.00806008,89.0
1293,0.0713841241605794,0.0800429536089566,0.39305902,621.0
1294,0.0,0.0,0.3160625999999999,113.0
1295,0.0984434291176294,0.089844817888025,0.39305902,54.0
1296,0.0742813383815759,0.0743980079623275,0.22221237,97.0
1297,0.0892046469237231,0.1009974037587252,0.39305902,260.0
1298,0.0610486311847522,0.0599130118665868,0.39305902,170.0
1299,0.0457421194115636,0.0471389327043978,0.39305902,44.0
1300,0.0632065373457326,0.0604870592701439,0.39305902,124.0
1301,0.0530793408592006,0.0489427280193955,0.39305902,64.0
1302,0.0601398196682491,0.0554866802323387,0.39305902,53.0
1303,0.0641331533048284,0.0544541936616464,0.21372855,100.0
1304,0.0391625828215254,0.0384552204641552,0.39305902,72.0
1305,0.0222934799885654,0.023630772617919,0.39305902,103.0
1306,0.0841451486812283,0.0833163369150661,0.39305902,139.0
1307,0.0391985709326007,0.0434632932757448,0.39305902,120.0
1308,0.0388404492740376,0.0517432141526111,0.39305902,40.0
1309,0.0221763246995003,0.0232658501893766,0.21674679,82.0
1310,0.0391085466015549,0.0406940956558365,0.008334252,13.0
1311,0.0623656597859883,0.0609414666080839,-0.0556852559999999,360.0
1312,0.0743799737831971,0.0689684313439044,-0.042062715,50.0
1313,0.0397734043650518,0.0419845421617388,0.014718493,163.0
1314,0.0364808626270333,0.0389345793177639,0.29641107,97.0
1315,0.1146532564945638,0.1228610373925332,-0.053447314,297.0
1316,0.0844412903018379,0.0837266783390115,-0.0075770514,194.0
1317,0.0741176448567492,0.072215305426657,-0.07392113,41.0
1318,0.059018039543942,0.058382982297453,0.0022924012,142.0
1319,0.0865150357080068,0.0899100873787961,0.07595975,64.0
1320,0.0836433590860759,0.0755921134099642,0.22745791,28.0
1321,0.0604447759817677,0.0565151145734538,0.39305902,361.0
1322,0.0819174393619,0.0220651099083779,0.39305902,48.0
1323,0.0551880714169403,0.0530313579828016,0.20760748,42.0
1324,0.0705202021835774,0.0710970636176832,0.05794011,11.0
1325,0.0189983829382722,0.0210245965391358,0.39305902,58.0
1326,0.0485598828809645,0.0428238053922169,0.39305902,58.0
1327,0.051823035376464,0.041660337523454,0.39305902,75.0
1328,0.0775046582404662,0.0677970735902693,0.39305902,24.0
1329,0.0166705167308158,0.0149578051256654,0.23506899,243.0
1330,0.0517224790611289,0.0559656100924117,0.39305902,23.0
1331,0.0652264875942662,0.0387288518821838,0.39305902,66.0
1332,0.1309319072975668,0.0999617724933936,0.39305902,70.0
1333,0.0502272754844166,0.0485495060207998,0.39305902,156.0
1334,0.0852357865782588,0.0873712891708161,0.39305902,56.0
1335,0.0587297158229824,0.0398997498191738,0.39305902,78.0
1336,0.0530089224869224,0.0513622002659924,0.39305902,125.0
1337,0.073508461243224,0.0671341758684444,0.39305902,75.0
1338,0.0,0.0,0.39305902,113.0
1339,0.0517766171231623,0.0486389350991119,0.39305902,54.0
1340,0.0701790285533479,0.0659193904394891,0.39305902,38.0
1341,0.0417222503231532,0.0283916143288443,0.39305902,520.0
1342,0.0049052132180306,0.0079857587355125,0.39305902,26.0
1343,0.213892197013523,0.2435789649480145,0.0025081607,59.0
1344,0.0088021608046786,0.0099024989892749,0.39305902,59.0
1345,0.0,0.0,0.39305902,77.0
1346,0.0542835359563696,0.0528614373508056,0.39305902,45.0
1347,0.0978273387300584,0.0740116505723395,0.39305902,114.0
1348,0.1458315587411351,0.1460985566550242,0.39305902,34.0
1349,0.0415330833950427,0.0470190823340604,0.39305902,62.0
1350,0.0101765686814424,0.0,0.39305902,96.0
1351,0.0,0.0,0.39305902,42.0
1352,0.0791722116629979,0.0698384674014232,0.39305902,301.0
1353,0.0167032786321721,0.0143921869497191,0.037491057,110.0
1354,0.0632201261010091,0.0617300876489611,0.025338866,63.0
1355,0.0161547980397185,0.0215449531510036,0.041832276,32.0
1356,0.0150308145389932,0.0128038305218164,-0.015786927,54.0
1357,0.0571169045327599,0.0572487072811702,0.0011564456,515.0
1358,0.3457751946177587,0.3790226635958184,-0.040050484,47.0
1359,0.0637269497558994,0.0657955778294137,0.39305902,377.0
1360,0.0318637497348408,0.0429023713677484,0.062809795,60.0
1361,0.0809651205536331,0.0768636776183281,0.07854931,86.0
1362,0.013491525542366,0.020051048570443,0.39305902,84.0
1363,0.0456532897089834,0.053792031219987,0.21216774,133.0
1364,0.0194759425041334,0.0254324905898978,0.39305902,51.0
1365,0.0324752901530379,0.0414906075641796,0.18028307,49.0
1366,0.0264075084474512,0.0347056199834388,0.108661816,62.0
1367,0.0277585908296243,0.0375778275437346,0.39305902,71.0
1368,0.1124936652001154,0.1184555178247601,0.21948825,59.0
1369,0.0698778888533769,0.0309071596152394,-0.00074758753,122.0
1370,0.0670921139881604,0.0666124914820276,-0.03646154,81.0
1371,0.0668742300228169,0.0663726964519509,0.009333004,207.0
1372,0.037112251745026,0.0369487810491874,-0.0020209665,44.0
1373,0.0634999516786626,0.0634302931435587,0.056024708,990.0
1374,0.092590442483839,0.0913566392819383,0.109556325,19.0
1375,0.0081726336076365,0.0067641640128741,0.11924134,16.0
1376,0.0449432853274874,0.0447308904289624,0.020127095,104.0
1377,0.0,0.0,0.39305902,67.0
1378,0.0674100651615394,0.0647545651893581,0.07885938,67.0
1379,0.0791400367785033,0.0807362155969727,0.0094970219999999,53.0
1380,0.0656021984781705,0.0644705839741222,-0.0012769701,329.0
1381,0.0463798926116025,0.044957111557941,0.0551326829999999,559.0
1382,0.0567304705581918,0.0550413298595561,-0.06244752,162.0
1383,0.0400623125999401,0.0405477809838893,-0.005917713,51.0
1384,0.0379623286373316,0.0307756319860081,-0.051095847,98.0
1385,0.0688927276125686,0.0672014623779821,0.045226537,12.0
1386,0.0423662181391147,0.0429871875739015,-0.02989811,172.0
1387,0.061571173937478,0.0613872656061719,-0.012887713,660.0
1388,0.067422397939513,0.0672386787898206,-0.019675486,30.0
1389,0.0576218059309121,0.057897346303,-0.018399956,45.0
